NodeCount,GreedyTime(ms),DPTime(ms),GreedyAmplifiers,DPAmplifiers
10,0.0144834,0.0139334,2,1
20,0.0217082,0.0240582,1,2
30,0.0305,0.033825,0,1
40,0.0420418,0.0465248,1,1
50,0.054675,0.098067,0,1
60,0.061958,0.068833,1,2
70,0.0902998,0.0879246,0,2
80,0.107216,0.109242,0,2
90,0.0954002,0.111017,0,1
100,0.0893252,0.109975,0,1
