NodeCount,GreedyTime(ms),DPTime(ms),GreedyAmplifiers,DPAmplifiers
10,0.0125166,0.01305,1,1
20,0.0195666,0.0206668,1,1
30,0.0305248,0.0271666,1,1
40,0.039117,0.0390916,1,1
50,0.0613252,0.0630748,2,1
60,0.05855,0.0697918,0,1
70,0.0679832,0.0802666,0,1
80,0.0719502,0.0847584,0,1
90,0.0832334,0.10295,0,2
100,0.0974916,0.137008,0,1
