NodeCount,GreedyTime(ms),DPTime(ms),GreedyAmplifiers,DPAmplifiers
10,0.0129082,0.0120668,6,1
20,0.0224668,0.022575,17,2
30,0.0366916,0.0323498,24,1
40,0.0532918,0.0461666,35,2
50,0.0762,0.0673748,46,2
60,0.0901246,0.0692166,54,2
70,0.108958,0.09025,65,1
80,0.126217,0.125175,73,2
90,0.125575,0.1033,84,1
100,0.130241,0.10705,95,1
